Up (Clean),cardi b
Trust Issues,cardi b
Sauce Boyz,cardi b
Back It Up,cardi b
Lit Thot,cardi b
Hectic,cardi b
Stripper Hoe,cardi b
Bronx Season,cardi b
WAP (Demo),cardi b
Booty*,cardi b
I Like It (Kontra K & AK AUSSERKONTROLLE Remix),cardi b
Styling*,cardi b
Leave That Bitch Alone,cardi b
B.O.N,cardi b
With That,cardi b
What A Girl Likes,cardi b
Trick,cardi b
I Gotta Hurt You,cardi b
Pop Off,cardi b
How I Do,cardi b
Everything,cardi b
Rollin,cardi b
Amorfoda,bad bunny
Tú No Metes Cabra,bad bunny
Yonaguni,bad bunny
MIA,bad bunny
Chambea,bad bunny
Soy Peor,bad bunny
Tití Me Preguntó,bad bunny
Si Veo a Tu Mamá,bad bunny
Tú No Metes Cabra (Remix),bad bunny
Vete,bad bunny
Yo Perreo Sola,bad bunny
Estamos Bien,bad bunny
MONACO,bad bunny
25/8,bad bunny
La Difícil,bad bunny
Dime Si Te Acuerdas,bad bunny
Moscow Mule,bad bunny
Otra Noche en Miami,bad bunny
La Romana,bad bunny
BOOKER T,bad bunny
HACIENDO QUE ME AMAS,bad bunny
Un Verano Sin Ti,bad bunny
NADIE SABE,bad bunny
Si Estuviésemos Juntos,bad bunny
A Tu Merced,bad bunny
˂3,bad bunny
Soy Peor (Remix),bad bunny
WHERE SHE GOES,bad bunny
Efecto,bad bunny
Diles,bad bunny
Me Fui de Vacaciones,bad bunny
TE MUDASTE,bad bunny
Yo No Soy Celoso,bad bunny
NI BIEN NI MAL,bad bunny
Después de la Playa,bad bunny
Solo de Mí,bad bunny
Pa Ti,bad bunny
BYE ME FUI,bad bunny
El Apagón,bad bunny
Un Coco,bad bunny
De Museo,bad bunny
Pero Ya No,bad bunny
ANTES QUE SE ACABE,bad bunny
Neverita,bad bunny
Aguacero,bad bunny
RLNDT,bad bunny
Soliá,bad bunny
YO VISTO ASÍ,bad bunny
Dos Mil 16,bad bunny
Caro,bad bunny
Mama Said Knock You Out,ll cool j
Doin It,ll cool j
I Need Love,ll cool j
I Shot Ya (Remix),ll cool j
Around the Way Girl,ll cool j
"4,3,2,1",ll cool j
I’m Bad,ll cool j
Hey Lover,ll cool j
Luv U Better,ll cool j
Going Back to Cali,ll cool j
Rock the Bells,ll cool j
Loungin’ (Who Do Ya Luv),ll cool j
Headsprung,ll cool j
The Ripper Strikes Back,ll cool j
To Da Break Of Dawn,ll cool j
Big Ole Butt,ll cool j
Pink Cookies In a Plastic Bag Getting Crushed by Buildings,ll cool j
Paradise,ll cool j
Deepest Bluest (Shark’s Fin),ll cool j
I Can’t Live Without My Radio,ll cool j
Jack The Ripper,ll cool j
I’m That Type of Guy,ll cool j
Jingling Baby,ll cool j
I Shot Ya,ll cool j
The Boomin’ System,ll cool j
Phenomenon,ll cool j
Cheesy Rat Blues,ll cool j
Hush,ll cool j
Control Myself,ll cool j
Ain’t Nobody,ll cool j
Baby,ll cool j
Back Seat (of My Jeep),ll cool j
Loungin’,ll cool j
Rock the Bells (Original),ll cool j
Lollipop,ll cool j
That’s a Lie,ll cool j
Milky Cereal,ll cool j
Illegal Search,ll cool j
Dear Yvette,ll cool j
"4, 3, 2, 1 (Original Version)",ll cool j
I Need a Beat,ll cool j
Murdergram,ll cool j
Hip Hop,ll cool j
Kanday,ll cool j
Back Where I Belong,ll cool j
No More,ll cool j
Eat Em Up L Chill,ll cool j
Mr. Goodbar,ll cool j
U Can’t Fuck With Me,ll cool j
The Bristol Hotel,ll cool j
Many Men (Wish Death),50 cent
In da Club,50 cent
21 Questions,50 cent
P.I.M.P.,50 cent
Patiently Waiting,50 cent
Candy Shop,50 cent
My Life,50 cent
Wanksta,50 cent
Best Friend,50 cent
I’m the Man,50 cent
We Up,50 cent
Ghetto Qu’ran (Forgive Me),50 cent
Hustler’s Ambition,50 cent
Big Rich Town,50 cent
Window Shopper,50 cent
Back Down,50 cent
If I Can’t,50 cent
Heat,50 cent
I’m the Man (Remix),50 cent
Just a Lil Bit,50 cent
What Up Gangsta,50 cent
High All the Time,50 cent
Don’t Push Me,50 cent
How to Rob,50 cent
When It Rains It Pours,50 cent
Your Life’s on the Line,50 cent
Ayo Technology,50 cent
U Not Like Me,50 cent
No Romeo No Juliet,50 cent
P.I.M.P. Remix,50 cent
I’ll Whip Ya Head Boy,50 cent
Piggy Bank,50 cent
I Get Money,50 cent
Outta Control (Remix),50 cent
Places to Go,50 cent
I’m Supposed To Die Tonight,50 cent
Major Distribution,50 cent
Too Rich for the Bitch,50 cent
Hate It or Love It (G-Unit Remix),50 cent
Tryna Fuck Me Over,50 cent
Disco Inferno,50 cent
9 Shots,50 cent
Gatman and Robbin,50 cent
Straight to the Bank,50 cent
Baby By Me,50 cent
Best Friend (Remix),50 cent
A Baltimore Love Thing,50 cent
I’ll Still Kill,50 cent
New Day,50 cent
Click Clack Pow Officer Down,50 cent
Mercy,kanye
Monster,kanye
Father Stretch My Hands Pt. 1,kanye
Ultralight Beam,kanye
Bound 2,kanye
New Slaves,kanye
Runaway,kanye
Blood On the Leaves,kanye
Black Skinhead,kanye
No More Parties in LA,kanye
Famous,kanye
Ghost Town,kanye
POWER,kanye
All Mine,kanye
Gold Digger,kanye
Wolves,kanye
I Love Kanye,kanye
Real Friends,kanye
Off The Grid,kanye
Can’t Tell Me Nothing,kanye
Devil In a New Dress,kanye
Saint Pablo,kanye
Gorgeous,kanye
Dark Fantasy,kanye
All of the Lights,kanye
Pt. 2,kanye
Hold My Liquor,kanye
Waves,kanye
FML,kanye
Lift Yourself,kanye
All Day,kanye
So Appalled,kanye
Blame Game,kanye
I Am a God,kanye
I’m In It,kanye
Praise God,kanye
Stronger,kanye
All Falls Down,kanye
Facts (Charlie Heat Version),kanye
Violent Crimes,kanye
Through the Wire,kanye
I Thought About Killing You,kanye
Flashing Lights,kanye
Heartless,kanye
30 Hours,kanye
Only One,kanye
Yikes,kanye
Jesus Walks,kanye
Homecoming,kanye
Highlights,kanye
Yesterday,the beatles
Let It Be,the beatles
In My Life,the beatles
Hey Jude,the beatles
Come Together,the beatles
Here Comes the Sun,the beatles
Eleanor Rigby,the beatles
Something,the beatles
Blackbird,the beatles
A Day in the Life,the beatles
I Am the Walrus,the beatles
While My Guitar Gently Weeps,the beatles
"Ob-La-Di, Ob-La-Da",the beatles
Strawberry Fields Forever,the beatles
Across the Universe,the beatles
With a Little Help from My Friends,the beatles
Lucy in the Sky with Diamonds,the beatles
Yellow Submarine,the beatles
Now and Then,the beatles
Michelle,the beatles
Help!,the beatles
Norwegian Wood (This Bird Has Flown),the beatles
When I’m Sixty-Four,the beatles
I Want to Hold Your Hand,the beatles
Don’t Let Me Down,the beatles
Rocky Raccoon,the beatles
Get Back,the beatles
Back in the U.S.S.R.,the beatles
Golden Slumbers,the beatles
Happiness is a Warm Gun,the beatles
I Saw Her Standing There,the beatles
Maxwell’s Silver Hammer,the beatles
Oh! Darling,the beatles
Sgt. Pepper’s Lonely Hearts Club Band,the beatles
Helter Skelter,the beatles
Penny Lane,the beatles
All You Need Is Love,the beatles
A Hard Day’s Night,the beatles
The Long and Winding Road,the beatles
Revolution,the beatles
The End,the beatles
She Loves You,the beatles
Octopus’s Garden,the beatles
"Hello, Goodbye",the beatles
Revolution 9,the beatles
You Never Give Me Your Money,the beatles
Two of Us,the beatles
I Will,the beatles
Tomorrow Never Knows,the beatles
"Here, There and Everywhere",the beatles
Yeah!,usher
Burn,usher
Climax,usher
I Don’t Mind,usher
Confessions Part II,usher
Nice & Slow,usher
U Got It Bad,usher
No Limit,usher
Confessions Part I,usher
Rivals,usher
Good Kisser,usher
Hey Daddy (Daddy’s Home),usher
U Remind Me,usher
DJ Got Us Fallin’ in Love,usher
U Don’t Have to Call,usher
Superstar,usher
You Make Me Wanna...,usher
OMG,usher
Love in This Club Part II,usher
Love In This Club,usher
Lemme See,usher
Crash,usher
She Came to Give It to You,usher
Scream,usher
Lil Freak,usher
Don’t Waste My Time,usher
Moving Mountains,usher
Chains,usher
Caught Up,usher
Hot Tottie,usher
Trading Places,usher
Confessions Part II (Remix),usher
Tell Me,usher
Can U Handle It?,usher
Bad Girl,usher
There Goes My Baby,usher
Wait For It,usher
Hey Daddy (Daddy’s Home) (Remix),usher
Bad Habits,usher
Confessions (Interlude),usher
That’s What It’s Made For,usher
More,usher
My Way,usher
Papers,usher
GLU,usher
Throwback,usher
Throwback (Remix),usher
Numb,usher
Downtime,usher
Seduction,usher
Shape of You,ed sheeran
Perfect,ed sheeran
Castle On The Hill,ed sheeran
Thinking Out Loud,ed sheeran
Happier,ed sheeran
Supermarket Flowers,ed sheeran
Photograph,ed sheeran
Galway Girl,ed sheeran
Dive,ed sheeran
The A Team,ed sheeran
Don’t,ed sheeran
Bad Habits,ed sheeran
South of the Border,ed sheeran
I See Fire,ed sheeran
Beautiful People,ed sheeran
Eraser,ed sheeran
Remember the Name,ed sheeran
Afterglow,ed sheeran
New Man,ed sheeran
How Would You Feel (Paean),ed sheeran
Nancy Mulligan,ed sheeran
Barcelona,ed sheeran
"You Need Me, I Don’t Need You (Live at The Live Room)",ed sheeran
Shivers,ed sheeran
Give Me Love,ed sheeran
"You Need Me, I Don’t Need You",ed sheeran
Visiting Hours,ed sheeran
Lego House,ed sheeran
Kiss Me,ed sheeran
Tenerife Sea,ed sheeran
What Do I Know?,ed sheeran
Cross Me,ed sheeran
Save Myself,ed sheeran
Shape of You (Stormzy Remix),ed sheeran
Hearts Don’t Break Around Here,ed sheeran
Bibia Be Ye Ye,ed sheeran
I’m a Mess,ed sheeran
Sing,ed sheeran
Take Me Back To London,ed sheeran
One,ed sheeran
Bloodstream,ed sheeran
Afire Love,ed sheeran
U.N.I.,ed sheeran
Eyes Closed,ed sheeran
Take It Back,ed sheeran
Take Me Back To London (Remix),ed sheeran
Best Part of Me,ed sheeran
The Joker And The Queen,ed sheeran
Small Bump,ed sheeran
Nina,ed sheeran
My Nigga,yg
Who Do You Love?,yg
BIG BANK,yg
My Nigga (Remix),yg
Why You Always Hatin?,yg
Go Loko,yg
FDT,yg
Bicken Back Being Bool,yg
"Left, Right",yg
I Just Wanna Party,yg
BPT,yg
Stop Snitchin,yg
SUU WHOOP,yg
You Broke,yg
Me & My Bitch,yg
Really Be (Smokin N Drinkin),yg
Twist My Fingaz,yg
I’m A Real 1,yg
Do It To Ya,yg
Bitches Ain’t Shit,yg
Meet the Flockers,yg
"FDT, Pt. 2",yg
Bompton,yg
Still Brazy,yg
I’m A Thug,yg
IDGAF,yg
HANDGUN,yg
Sorry Momma,yg
Scared Money,yg
I’m Good,yg
1 AM,yg
Toxic,yg
I Wanna Benz,yg
Toot It and Boot It,yg
I Be On,yg
When I Was Gone,yg
In The Dark,yg
666,yg
Thank God (Interlude),yg
Pop It,yg
This Yick,yg
BULLETPROOF,yg
Who Shot Me?,yg
Don’t Come to LA,yg
Up,yg
Hard Bottoms & White Socks,yg
"Bool, Balm & Bollective",yg
TOO COCKY,yg
Stop Snitchin (Remix),yg
SLAY,yg
Colors,ice t
6 ‘N the Mornin’,ice t
99 Problems,ice t
I’m Your Pusher,ice t
New Jack Hustler,ice t
O.G. Original Gangster,ice t
Body Count,ice t
Girls L.G.B.N.A.F.,ice t
Gangsta Rap,ice t
Warning,ice t
Freedom of Speech,ice t
Midnight,ice t
Bitches 2,ice t
Straight Up Nigga,ice t
"Shut Up, Be Happy",ice t
The Iceberg,ice t
Don’t Hate the Playa,ice t
"Money, Power & Women",ice t
Rhyme Pays,ice t
Power,ice t
The Tower,ice t
Squeeze the Trigger,ice t
You Played Yourself,ice t
High Rollers,ice t
Race War,ice t
Sex,ice t
First Impression,ice t
The Coldest Rap,ice t
Home of the Bodybag,ice t
Somebody Gotta Do It (Pimpin’ Ain’t Easy!!!),ice t
Mind Over Matter,ice t
Home Invasion,ice t
What Ya Wanna Do?,ice t
The Syndicate,ice t
Disorder,ice t
Lethal Weapon,ice t
Drama,ice t
It’s On,ice t
The Girl Tried to Kill Me,ice t
My Word Is Bond,ice t
G Style,ice t
Ice M.F. T,ice t
That’s How I’m Livin,ice t
Fly By,ice t
Escape from the Killing Fields,ice t
M.V.P.S,ice t
Ya Shoulda Killed Me Last Year,ice t
Evil E - What About Sex?,ice t
Pain,ice t
Always Wanted to be a Ho,ice t
Billie Jean,michael jackson
Smooth Criminal,michael jackson
Wanna Be Startin’ Somethin’,michael jackson
Thriller,michael jackson
They Don’t Care About Us,michael jackson
Man in the Mirror,michael jackson
Human Nature,michael jackson
Beat It,michael jackson
Heal the World,michael jackson
Black or White,michael jackson
Dirty Diana,michael jackson
Bad,michael jackson
Don’t Stop ’Til You Get Enough,michael jackson
Earth Song,michael jackson
Rock with You,michael jackson
P.Y.T. (Pretty Young Thing),michael jackson
You Are Not Alone,michael jackson
The Way You Make Me Feel,michael jackson
Remember the Time,michael jackson
You Rock My World,michael jackson
Off the Wall,michael jackson
Scream,michael jackson
Liberian Girl,michael jackson
Chicago,michael jackson
Jam,michael jackson
In the Closet,michael jackson
Dangerous,michael jackson
The Girl is Mine,michael jackson
Who Is It,michael jackson
Stranger in Moscow,michael jackson
Leave Me Alone,michael jackson
I Just Can’t Stop Loving You,michael jackson
The Lady in My Life,michael jackson
She’s Out of My Life,michael jackson
Blood on the Dance Floor,michael jackson
Love Never Felt So Good (Original Version),michael jackson
Butterflies,michael jackson
Give In to Me,michael jackson
Ben,michael jackson
Unbreakable,michael jackson
Baby Be Mine,michael jackson
Ghosts,michael jackson
Heaven Can Wait,michael jackson
Money,michael jackson
Another Part of Me,michael jackson
Smile,michael jackson
This Is It,michael jackson
HIStory,michael jackson
Hold My Hand,michael jackson
I Can’t Help It,michael jackson
Ain’t No Half-Steppin’,big daddy kane
Smooth Operator,big daddy kane
Show & Prove,big daddy kane
Raw (Remix),big daddy kane
Pimpin’ Ain’t Easy,big daddy kane
Set it Off,big daddy kane
"Warm It Up, Kane",big daddy kane
Just Rhymin’ with Biz,big daddy kane
"Young, Gifted and Black",big daddy kane
Lyrical Gymnastics,big daddy kane
I Get the Job Done,big daddy kane
Very Special,big daddy kane
Big Daddy vs. Dolemite,big daddy kane
Wrath of Kane,big daddy kane
Long Live the Kane,big daddy kane
"Ooh, Aah, Nah-Nah-Nah",big daddy kane
Mortal Combat,big daddy kane
The Day You’re Mine,big daddy kane
On the Bugged Tip,big daddy kane
I’ll Take You There,big daddy kane
Word to the Mother (Land),big daddy kane
Cause I Can Do it Right,big daddy kane
Any Type of Way,big daddy kane
Another Victory,big daddy kane
How U Get a Record Deal?,big daddy kane
Sex According to the Prince of Darkness,big daddy kane
It’s a Big Daddy Thing,big daddy kane
"Uncut, Pure",big daddy kane
’Nuff Respect (Remix),big daddy kane
Raw,big daddy kane
Nuff’ Respect,big daddy kane
Mister Cee’s Master Plan,big daddy kane
Rap Summary (Lean on Me),big daddy kane
Come on Down,big daddy kane
Terra N Ya Era,big daddy kane
Brooklyn Style...Laid Out,big daddy kane
"Brother, Brother",big daddy kane
Looks Like a Job For...,big daddy kane
Cameo Afro,big daddy kane
Ain’t No Stoppin’ Us Now,big daddy kane
The Lover in You,big daddy kane
Stop Shammin’,big daddy kane
Daddy’s Home,big daddy kane
Entaprizin’,big daddy kane
In the PJ’s,big daddy kane
Who Am I,big daddy kane
It’s Hard Being the Kane,big daddy kane
Taste of Chocolate Intro,big daddy kane
Give it to Me,big daddy kane
Children R the Future,big daddy kane
​edamame,bbno$
​bad girl,bbno$
​slop,bbno$
​bad thoughts,bbno$
​tony thot,bbno$
​who dat boi,bbno$
​​it boy,bbno$
3mo,bbno$
​i remember,bbno$
​moves,bbno$
​roo doo,bbno$
​mathematics,bbno$
​coasting,bbno$
​stucco,bbno$
​top gun,bbno$
​u mad!,bbno$
​lil’ freak,bbno$
​still,bbno$
​piccolo,bbno$
​i see london i see france,bbno$
​shining,bbno$
​gone,bbno$
​politics,bbno$
​super saiyan flex,bbno$
TOKYO DRIFT FREESTYLE,bbno$
​pop song,bbno$
​wussup,bbno$
​seven,bbno$
​banana,bbno$
2 time zones,bbno$
​it gon’last,bbno$
​too easy,bbno$
​lavish,bbno$
​bag or die,bbno$
​yoga,bbno$
​golden rule,bbno$
​flex,bbno$
​my oh my,bbno$
​moneytalk,bbno$
​resume,bbno$
​dont tell me shit,bbno$
​drip,bbno$
​cheesy,bbno$
​what would baby do?,bbno$
​edamame (JVG x NCO Remix),bbno$
​robert patekson,bbno$
​sorry,bbno$
I DON’T CARE AT ALL CAUSE I GOT MONEY!!!!!!,bbno$
​money conversation,bbno$
​opus,bbno$
N.Y. State of Mind,nas
Ether,nas
Life’s a Bitch,nas
The World Is Yours,nas
The Message,nas
It Ain’t Hard to Tell,nas
One Love,nas
If I Ruled the World (Imagine That),nas
Represent,nas
Nas Is Like,nas
Halftime,nas
Memory Lane (Sittin’ In Da Park),nas
Affirmative Action,nas
One Mic,nas
I Can,nas
Daughters,nas
Cherry Wine,nas
Made Nas Proud [Let Nas Down Remix],nas
Hate Me Now,nas
EPMD 2,nas
The Don,nas
Made You Look,nas
One Time 4 Your Mind,nas
​everything,nas
The Genesis,nas
Adam and Eve,nas
Take It in Blood,nas
I Gave You Power,nas
Bye Baby,nas
Get Down,nas
Street Dreams,nas
Not For Radio,nas
Wrote My Way Out,nas
Cops Shot the Kid,nas
Nasty,nas
Got Ur Self a Gun,nas
Last Real Nigga Alive,nas
Stay,nas
No Introduction,nas
Hip Hop Is Dead,nas
You’re Da Man,nas
Purple,nas
Trust,nas
What Goes Around,nas
Accident Murderers,nas
Rewind,nas
Black Republican,nas
Nobody,nas
Loco-Motive,nas
Bonjour,nas
Doo Wop (That Thing),lauryn hill
Ex-Factor,lauryn hill
To Zion,lauryn hill
Lost Ones,lauryn hill
Can’t Take My Eyes Off of You,lauryn hill
Tell Him,lauryn hill
Nothing Even Matters,lauryn hill
Everything Is Everything,lauryn hill
The Miseducation of Lauryn Hill,lauryn hill
I Gotta Find Peace of Mind,lauryn hill
The Mystery of Iniquity,lauryn hill
Forgive Them Father,lauryn hill
Final Hour,lauryn hill
I Used to Love Him,lauryn hill
Superstar,lauryn hill
When It Hurts so Bad,lauryn hill
I Get Out,lauryn hill
The Sweetest Thing,lauryn hill
"Every Ghetto, Every City",lauryn hill
War in the Mind (Freedom Time),lauryn hill
Mr. Intentional,lauryn hill
Motives and Thoughts,lauryn hill
Adam Lives in Theory,lauryn hill
Consumerism,lauryn hill
Neurotic Society (Compulsory Mix),lauryn hill
Intro,lauryn hill
Black Rage,lauryn hill
I Find it Hard to Say (Rebel),lauryn hill
Guarding the Gates,lauryn hill
So Much Things to Say,lauryn hill
Water,lauryn hill
Oh Jerusalem,lauryn hill
Selah,lauryn hill
Love,lauryn hill
Interlude 5,lauryn hill
Nice For What (Remix),lauryn hill
Just Like Water,lauryn hill
I’ve Got Life,lauryn hill
Can’t Take My Eyes Off Of You (Remix),lauryn hill
The Conquering Lion,lauryn hill
Just Want You Around,lauryn hill
Doo Wop (That Thing) (Gordon’s dub),lauryn hill
Intro (MTV Unplugged No. 2.0),lauryn hill
I Remember,lauryn hill
Interlude 3,lauryn hill
Redemption Song,lauryn hill
Social Drugs,lauryn hill
Feeling Good,lauryn hill
Freedom Time,lauryn hill
Interlude 1,lauryn hill
Freestyle,lil baby
Close Friends,lil baby
On Me,lil baby
The Bigger Picture,lil baby
Emotionally Scarred,lil baby
Sum 2 Prove,lil baby
Woah,lil baby
Life Goes On,lil baby
My Dawg,lil baby
Pure Cocaine,lil baby
Ready,lil baby
Leaked,lil baby
Commercial,lil baby
To the Top,lil baby
In A Minute,lil baby
All of a Sudden,lil baby
Time,lil baby
Never Needed No Help,lil baby
Heyy,lil baby
All In,lil baby
Forever,lil baby
How,lil baby
Southside,lil baby
First Class,lil baby
Cash,lil baby
Right On,lil baby
Low Down,lil baby
Go Hard,lil baby
Humble,lil baby
Money Forever,lil baby
Frozen,lil baby
Catch the Sun,lil baby
Global,lil baby
Get Money,lil baby
California Breeze,lil baby
Deep End,lil baby
Best of Me,lil baby
Social Distancing,lil baby
For You,lil baby
Errbody,lil baby
Crush a Lot,lil baby
No Friends,lil baby
Live Off My Closet,lil baby
Dreams 2 Reality,lil baby
Get Ugly,lil baby
Word on the Street,lil baby
Throwing Shade,lil baby
Minute,lil baby
Fit In,lil baby
Same Thing,lil baby
As,stevie wonder
Superstition,stevie wonder
Isn’t She Lovely,stevie wonder
I Wish,stevie wonder
I Just Called to Say I Love You,stevie wonder
Sir Duke,stevie wonder
Don’t You Worry ’Bout a Thing,stevie wonder
Higher Ground,stevie wonder
"Signed, Sealed, Delivered I’m Yours",stevie wonder
Happy Birthday,stevie wonder
Living for the City,stevie wonder
Faith,stevie wonder
Master Blaster (Jammin’),stevie wonder
Overjoyed,stevie wonder
Knocks Me Off My Feet,stevie wonder
Do I Do,stevie wonder
Ribbon in the Sky,stevie wonder
Part-Time Lover,stevie wonder
My Cherie Amour,stevie wonder
All I Do,stevie wonder
Love’s in Need of Love Today,stevie wonder
Pastime Paradise,stevie wonder
For Once in My Life,stevie wonder
You Are the Sunshine of My Life,stevie wonder
Black Man,stevie wonder
Lately,stevie wonder
Talkbox Medley (Close to You / Never Can Say Goodbye),stevie wonder
They Won’t Go When I Go,stevie wonder
Rocket Love,stevie wonder
That Girl,stevie wonder
Ngiculela - Es Una Historia - I Am Singing,stevie wonder
Too High,stevie wonder
Visions,stevie wonder
I Was Made to Love Her,stevie wonder
Another Star,stevie wonder
Never Dreamed You’d Leave in Summer,stevie wonder
If It’s Magic,stevie wonder
You and I (We Can Conquer the World),stevie wonder
All in Love Is Fair,stevie wonder
Summer Soft,stevie wonder
Someday at Christmas,stevie wonder
Golden Lady,stevie wonder
He’s Misstra Know-It-All,stevie wonder
You Haven’t Done Nothin’,stevie wonder
Superwoman (Where Were You When I Needed You),stevie wonder
Village Ghetto Land,stevie wonder
Joy Inside My Tears,stevie wonder
Ordinary Pain,stevie wonder
Saturn,stevie wonder
I Believe (When I Fall in Love It Will Be Forever),stevie wonder
White Lines (Don’t Do It),melle mel
Kickback,melle mel
Message II (Survival),melle mel
Beat Street,melle mel
Vice,melle mel
White Lines (Don’t Don’t Do It),melle mel
Jesse,melle mel
King of the Streets,melle mel
World war 3 (the truth),melle mel
Vice (From Miami Vice),melle mel
M-3,melle mel
Fountain Of Truth,melle mel
I’m a Star,melle mel
Art Of Rap Freestyle,melle mel
White Lines (Don’t Don’t do It) (Long version),melle mel
Anti Drug P.S.A #1,melle mel
One More,melle mel
World Family Tree,melle mel
We Don’t Work For Free,melle mel
Jesse (vocal),melle mel
Control,big sean
I Don’t Fuck with You,big sean
Blessings,big sean
Bounce Back,big sean
Beware,big sean
Dance (A$$) (Remix),big sean
No Favors,big sean
I Know,big sean
One Man Can Change the World,big sean
Guap,big sean
Paradise (Extended),big sean
All Your Fault,big sean
Play No Games,big sean
Moves,big sean
Sacrifices,big sean
Friday Night Cypher,big sean
Ashley,big sean
Jump Out the Window,big sean
Living Single,big sean
Voices In My Head / Stick to the Plan,big sean
Deep,big sean
Halfway Off the Balcony,big sean
MILF,big sean
Marvin & Chardonnay,big sean
Deserve It,big sean
Owe Me,big sean
Research,big sean
Single Again,big sean
Living Single (Leak),big sean
Stay Down,big sean
Deep Reverence,big sean
Bigger Than Me,big sean
1st Quarter Freestyle,big sean
"Win Some, Lose Some",big sean
Light,big sean
Wolves,big sean
Nothing Is Stopping You,big sean
Lithuania,big sean
Dark Sky (Skyscrapers),big sean
Dance (A$$),big sean
Fire,big sean
10 2 10,big sean
I Do It,big sean
Mula,big sean
My Last,big sean
Switch Up,big sean
24k of Gold,big sean
Don’t Tell Me You Love Me,big sean
Sunday Morning Jetpack,big sean
Higher,big sean
Smack That,akon
Lonely,akon
"Sorry, Blame It On Me",akon
Don’t Matter,akon
I Wanna Love You,akon
I Wanna Fuck You,akon
Right Now (Na Na Na),akon
Locked Up,akon
Ghetto,akon
Beautiful,akon
I’m So Paid,akon
Bananza (Belly Dancer),akon
Locked Up (Remix),akon
Be With You,akon
Ghetto (remix),akon
Freedom,akon
Gangsta Bop,akon
Cashin Out,akon
Smack That (Remix),akon
I Can’t Wait,akon
Dirty Work,akon
Sunny Day,akon
I Wanna Love You (Remix),akon
Against the Grain,akon
So Blue,akon
Good Girls Lie,akon
Mama Africa,akon
Blown Away,akon
The Rain,akon
Ghetto (Arab Remix),akon
Hypnotized,akon
Never Took the Time,akon
Lonely (Old Version) (Dirty),akon
Lonely (Remix),akon
Locked Up (French Remix),akon
Keep You Much Longer,akon
Chammak Challo,akon
Time Is Money,akon
Make Me Feel,akon
Warrior,akon
Look Me In My Eyes,akon
Never Gonna Get it,akon
Birthmark,akon
Holla Holla,akon
Once in a While,akon
Troublemaker,akon
Clap Again,akon
Hold My Hand,akon
No More You,akon
Keep Up,akon
Mask Off,future
Low Life,future
Life Is Good,future
March Madness,future
Comin Out Strong,future
Where Ya At,future
Codeine Crazy,future
Fuck Up Some Commas,future
Thought It Was a Drought,future
I Won,future
Used to This,future
Trap Niggas,future
Move That Dope,future
Stick Talk,future
Throw Away,future
Mask Off (Remix),future
WAIT FOR U,future
Jersey,future
Selfish,future
Purple Reign,future
Draco,future
Wicked,future
Turn On the Lights,future
Sh!t,future
Honest,future
56 Nights,future
Real Sisters,future
Perkys Calling,future
Karate Chop (Remix),future
My Collection,future
The Percocet & Stripper Joint,future
Sorry,future
Life Is Good (Remix),future
Rich $ex,future
Kno the Meaning,future
Blow a Bag,future
Lay Up,future
Solo,future
You da Baddest,future
Never Gon Lose,future
My Savages,future
News or Something,future
Karate Chop,future
I’M ON ONE,future
Rent Money,future
PIE,future
Never Stop,future
Sh!t (Remix),future
I Serve the Base,future
Incredible,future
Only,nicki minaj
Feeling Myself,nicki minaj
Barbie Dreams,nicki minaj
Truffle Butter,nicki minaj
Anaconda,nicki minaj
Chun-Li,nicki minaj
Super Bass,nicki minaj
Beez In The Trap,nicki minaj
Lookin Ass,nicki minaj
High School,nicki minaj
Pills N Potions,nicki minaj
Barbie Tingz,nicki minaj
Roman’s Revenge,nicki minaj
Big Foot,nicki minaj
Itty Bitty Piggy,nicki minaj
Starships,nicki minaj
Did It On’em,nicki minaj
Moment 4 Life,nicki minaj
All Things Go,nicki minaj
Good Form,nicki minaj
No Flex Zone (Remix),nicki minaj
Favorite,nicki minaj
Stupid Hoe,nicki minaj
Super Freaky Girl,nicki minaj
Bed,nicki minaj
FTCU,nicki minaj
Ganja Burn,nicki minaj
Want Some More,nicki minaj
Buy a Heart,nicki minaj
Fly,nicki minaj
I’m Legit,nicki minaj
Chun Swae,nicki minaj
Yikes,nicki minaj
Bust Down Barbiana,nicki minaj
LLC,nicki minaj
Red Ruby Da Sleeze,nicki minaj
The Crying Game,nicki minaj
Rich Sex,nicki minaj
Bed of Lies,nicki minaj
Hard White,nicki minaj
Get On Your Knees,nicki minaj
Your Love,nicki minaj
MEGATRON,nicki minaj
Regret In Your Tears,nicki minaj
I Am Your Leader,nicki minaj
Right By My Side,nicki minaj
I Lied,nicki minaj
Roman Holiday,nicki minaj
Good Form (Remix),nicki minaj
Big Daddy,nicki minaj
No Vaseline,ice cube
It Was a Good Day,ice cube
Gangsta Rap Made Me Do It,ice cube
You Know How We Do It,ice cube
Check Yo Self,ice cube
Hello,ice cube
The Nigga Ya Love To Hate,ice cube
Check Yo Self (Remix),ice cube
You Can Do It,ice cube
Why We Thugs,ice cube
Good Cop Bad Cop,ice cube
Arrest The President,ice cube
Go to Church,ice cube
Nobody Wants to Die,ice cube
Hood Mentality,ice cube
Black Korea,ice cube
Smoke Some Weed,ice cube
Friday,ice cube
Steady Mobbin’,ice cube
AmeriKKKa’s Most Wanted,ice cube
Ghetto Vet,ice cube
A Bird In The Hand,ice cube
Ghetto Bird,ice cube
My Summer Vacation,ice cube
Wicked,ice cube
Ain’t Got No Haters,ice cube
Everythang’s Corrupt,ice cube
When Will They Shoot?,ice cube
Givin’ Up the Nappy Dug Out,ice cube
The Wrong Nigga To Fuck Wit,ice cube
Only One Me,ice cube
True To The Game,ice cube
Once Upon A Time In The Projects,ice cube
Sasquatch,ice cube
A Gangsta’s Fairytale,ice cube
Sic Them Youngins On ’Em,ice cube
Turn Off The Radio,ice cube
Bop Gun (One Nation),ice cube
We Had to Tear This Muthafucka Up,ice cube
I Rep That West,ice cube
Down For Whatever,ice cube
Us,ice cube
Drop Girl,ice cube
The Predator,ice cube
It Was a Good Day (Remix),ice cube
Endangered Species (Tales From The Darkside),ice cube
Drink The Kool-Aid,ice cube
You Can’t Fade Me / JD’s Gafflin’,ice cube
Jackin’ for Beats,ice cube
How To Survive In South Central,ice cube
Juicy,biggie
Big Poppa,biggie
Suicidal Thoughts,biggie
Hypnotize,biggie
Ten Crack Commandments,biggie
Who Shot Ya?,biggie
Notorious Thugs,biggie
Dead Wrong,biggie
Mo’ Money Mo’ Problems,biggie
Gimme the Loot,biggie
Kick In The Door,biggie
One More Chance,biggie
Warning,biggie
Everyday Struggle,biggie
One More Chance / Stay With Me (Remix),biggie
Sky’s The Limit,biggie
Me & My Bitch,biggie
What’s Beef?,biggie
The What,biggie
Party and Bullshit,biggie
I Got A Story To Tell,biggie
Ready To Die,biggie
Machine Gun Funk,biggie
Going Back To Cali,biggie
Long Kiss Goodnight,biggie
Niggas Bleed,biggie
You’re Nobody (Til Somebody Kills You),biggie
Come On,biggie
Just Playing (Dreams),biggie
Things Done Changed,biggie
Unbelievable,biggie
Respect,biggie
Fuck You Tonight,biggie
Nasty Girl,biggie
Somebody’s Gotta Die,biggie
I Love the Dough,biggie
Hold Ya Head,biggie
My Downfall,biggie
Notorious B.I.G.,biggie
Miss U,biggie
Fuck Me (Interlude),biggie
The World Is Filled...,biggie
Want That Old Thing Back,biggie
Friend of Mine,biggie
Last Day,biggie
Write This Down × Dead Wrong,biggie
Another,biggie
Nasty Boy,biggie
Spit Your Game,biggie
Intro,biggie
Love Me,lil wayne
Mona Lisa,lil wayne
6 Foot 7 Foot,lil wayne
Believe Me,lil wayne
Mirror,lil wayne
Rich As Fuck,lil wayne
A Milli,lil wayne
She Will,lil wayne
Lollipop (Remix),lil wayne
Don’t Cry,lil wayne
Blunt Blowin’,lil wayne
Right Above It,lil wayne
Uproar,lil wayne
Drop the World,lil wayne
No Worries,lil wayne
How to Love,lil wayne
John,lil wayne
Lollipop,lil wayne
Mr. Carter,lil wayne
Dedicate,lil wayne
Let It Fly,lil wayne
God Bless Amerika,lil wayne
My Homies Still,lil wayne
Can’t Be Broken,lil wayne
Glory,lil wayne
How to Hate,lil wayne
Let It All Work Out,lil wayne
Mrs. Officer,lil wayne
Grindin’,lil wayne
It’s Good,lil wayne
President Carter,lil wayne
Pussy Money Weed,lil wayne
I’m Good (Dedication 5),lil wayne
I’m Single,lil wayne
Family Feud,lil wayne
CoCo,lil wayne
Wowzers,lil wayne
I Feel Like Dying,lil wayne
5 Star,lil wayne
Dark Side of the Moon,lil wayne
Mercy,lil wayne
Typa Way,lil wayne
Turn On the Lights,lil wayne
Ride for My Niggas (Sky is the Limit),lil wayne
You Song,lil wayne
Nightmares of the Bottom,lil wayne
Trigger Finger,lil wayne
3 Peat,lil wayne
Open Letter,lil wayne
Back to You,lil wayne
The Story of Adidon,pusha t
Nosetalgia,pusha t
Infrared,pusha t
Exodus 23:1,pusha t
What Would Meek Do?,pusha t
Sweet Serenade,pusha t
Drug Dealers Anonymous,pusha t
If You Know You Know,pusha t
Numbers on the Boards,pusha t
Trouble on My Mind,pusha t
Santeria,pusha t
Trust You,pusha t
The Games We Play,pusha t
Neck & Wrist,pusha t
Blocka,pusha t
Hard Piano,pusha t
Untouchable,pusha t
Come Back Baby,pusha t
Diet Coke,pusha t
Hold On,pusha t
Pain,pusha t
Dreamin Of The Past,pusha t
M.P.A.,pusha t
King Push,pusha t
40 Acres,pusha t
M.F.T.R.,pusha t
Millions,pusha t
S.N.I.T.C.H.,pusha t
Brambleton,pusha t
Rock N Roll,pusha t
Suicide,pusha t
Let Me Love You,pusha t
Who I Am,pusha t
I Pray For You,pusha t
Doesn’t Matter,pusha t
Call My Bluff,pusha t
No Regrets,pusha t
Let The Smokers Shine The Coupes,pusha t
Just So You Remember,pusha t
Intro (Darkest Before Dawn),pusha t
"Crutches, Crosses, Caskets",pusha t
Alone in Vegas,pusha t
Don’t Fuck Wit Me,pusha t
Scrape It Off,pusha t
Only You Can Tell It,pusha t
Sunshine,pusha t
Amen,pusha t
"Tick, Tock",pusha t
Blow (Freestyle),pusha t
Coming Home,pusha t
What’s Going On,marvin gaye
Sexual Healing,marvin gaye
Let’s Get It On,marvin gaye
The Star-Spangled Banner,marvin gaye
Inner City Blues (Make Me Wanna Holler),marvin gaye
I Heard It Through the Grapevine,marvin gaye
I Want You,marvin gaye
Mercy Mercy Me (The Ecology),marvin gaye
Got to Give It Up,marvin gaye
Trouble Man,marvin gaye
What’s Happening Brother,marvin gaye
Save the Children,marvin gaye
The Star-Spangled Banner (Live at the 1983 NBA All-Star Game),marvin gaye
Flyin’ High (In the Friendly Sky),marvin gaye
Distant Lover,marvin gaye
Just to Keep You Satisfied,marvin gaye
God Is Love,marvin gaye
"When Did You Stop Loving Me, When Did I Stop Loving You",marvin gaye
Right On,marvin gaye
Sunny,marvin gaye
Come Live with Me Angel,marvin gaye
Soon I’ll Be Loving You Again,marvin gaye
Wholy Holy,marvin gaye
"I’m Yours, You’re Mine",marvin gaye
How Sweet It Is (To Be Loved by You),marvin gaye
"Abraham, Martin and John",marvin gaye
If I Should Die Tonight,marvin gaye
Is That Enough,marvin gaye
"Here, My Dear",marvin gaye
Come Get to This,marvin gaye
Sanctified Lady,marvin gaye
Can I Get a Witness?,marvin gaye
All the Way Around,marvin gaye
I Met a Little Girl,marvin gaye
I Want to Come Home for Christmas,marvin gaye
Ain’t That Peculiar,marvin gaye
You Sure Love to Ball,marvin gaye
After the Dance (Vocal),marvin gaye
Anna’s Song,marvin gaye
Please Stay (Once You Go Away),marvin gaye
Sad Tomorrows,marvin gaye
I’ll Be Doggone,marvin gaye
My Love Is Waiting,marvin gaye
Feel All My Love Inside,marvin gaye
Masochistic Beauty,marvin gaye
Anger,marvin gaye
Pride and Joy,marvin gaye
Keep Gettin’ It On,marvin gaye
Piece of Clay,marvin gaye
A Funky Space Reincarnation,marvin gaye
Holy Grail,jay z
Empire State of Mind,jay z
Part II (On the Run),jay z
The Story of O.J.,jay z
4:44,jay z
Tom Ford,jay z
Renegade,jay z
FuckWithMeYouKnowIGotIt,jay z
99 Problems,jay z
Run This Town,jay z
Oceans,jay z
Takeover,jay z
Kill Jay Z,jay z
Big Pimpin’,jay z
Family Feud,jay z
Public Service Announcement,jay z
Picasso Baby,jay z
Song Cry,jay z
Smile,jay z
Open Letter,jay z
’03 Bonnie & Clyde,jay z
Izzo (H.O.V.A.),jay z
Bam,jay z
Heaven,jay z
Young Forever,jay z
BBC,jay z
Beach Is Better (Interlude),jay z
Somewhereinamerica,jay z
Crown,jay z
D’Evils,jay z
Hard Knock Life (Ghetto Anthem),jay z
Marcy Me,jay z
Dead Presidents II,jay z
La Familia,jay z
Can I Live,jay z
Can I Get A…,jay z
Lucifer,jay z
U Don’t Know,jay z
F.U.T.W,jay z
Caught Their Eyes,jay z
Moment of Clarity,jay z
Encore,jay z
Glory,jay z
Heart of the City (Ain’t No Love),jay z
Jay Z Blue,jay z
Lost One,jay z
Dead Presidents,jay z
On To The Next One,jay z
Moonlight,jay z
"Girls, Girls, Girls",jay z
Sign of the Times,harry styles
As It Was,harry styles
Watermelon Sugar,harry styles
Falling,harry styles
Adore You,harry styles
Fine Line,harry styles
Matilda,harry styles
Medicine,harry styles
Kiwi,harry styles
Cherry,harry styles
Lights Up,harry styles
Golden,harry styles
Two Ghosts,harry styles
Sweet Creature,harry styles
She,harry styles
"Sunflower, Vol. 6",harry styles
Little Freak,harry styles
To Be So Lonely,harry styles
Late Night Talking,harry styles
Boyfriends,harry styles
Keep Driving,harry styles
Love Of My Life,harry styles
Daylight,harry styles
From the Dining Table,harry styles
Cinema,harry styles
Music for a Sushi Restaurant,harry styles
Grapejuice,harry styles
Only Angel,harry styles
Ever Since New York,harry styles
Meet Me in the Hallway,harry styles
Woman,harry styles
Satellite,harry styles
Girl Crush,harry styles
Carolina,harry styles
Canyon Moon,harry styles
Oh Anna,harry styles
Treat People With Kindness,harry styles
Daydreaming,harry styles
Don’t Let Me Go,harry styles
Juice,harry styles
Him (Unreleased),harry styles
Hunger,harry styles
Jason (SNL),harry styles
Ultralight Beam,harry styles
Baby Honey (Unreleased),harry styles
Complicated Freak (Unreleased),harry styles
The Chain,harry styles
You’re Still The One (Live),harry styles
Without You,harry styles
Wet Dream,harry styles
Doomsday,mf doom
Rapp Snitch Knishes,mf doom
Beef Rap,mf doom
One Beer,mf doom
Hoe Cakes,mf doom
That’s That,mf doom
Rhymes Like Dimes,mf doom
Deep Fried Frenz,mf doom
Potholderz,mf doom
Gazzillion Ear,mf doom
All Outta Ale,mf doom
Vomitspit,mf doom
? (Question Mark),mf doom
Kon Karne,mf doom
Kookies,mf doom
Kon Queso,mf doom
Gas Drawls,mf doom
Batty Boyz,mf doom
Guinnessez,mf doom
Red and Gold,mf doom
"Tick, Tick...",mf doom
Cellz,mf doom
My Favorite Ladies,mf doom
The Finest,mf doom
Hey!,mf doom
Dead Bent,mf doom
Absolutely,mf doom
Go With the Flow,mf doom
Who You Think I Am?,mf doom
Untitled A.K.A. Change the Beat,mf doom
Ballskin,mf doom
Angelz,mf doom
Microwave Mayo,mf doom
The M.I.C.,mf doom
Poo-Putt Platter,mf doom
Operation: Greenbacks,mf doom
Fig Leaf Bi-Carbonate,mf doom
More Rhymin’,mf doom
I Hear Voices Pt. 1,mf doom
Coffin Nails,mf doom
Lavender Buds,mf doom
Lightworks,mf doom
Gumbo,mf doom
Yessir!,mf doom
Fillet-O-Rapper,mf doom
True Lightyears,mf doom
Rap Ambush,mf doom
Supervillainz,mf doom
I Hear Voices,mf doom
Still Dope,mf doom
Bank Account,21 savage
​a lot,21 savage
​ball w/o you,21 savage
​can’t leave without it,21 savage
Red Opps,21 savage
​monster,21 savage
Immortal,21 savage
​redrum,21 savage
​all my friends,21 savage
​asmr,21 savage
Numb,21 savage
4L,21 savage
Issa,21 savage
Dip Dip,21 savage
​a&t,21 savage
Nothin New,21 savage
Famous,21 savage
"​out for the night, pt. 2",21 savage
7 Min Freestyle,21 savage
1.5,21 savage
​out for the night,21 savage
​good day,21 savage
All the Smoke,21 savage
​break da law,21 savage
Whole Lot,21 savage
​all of me,21 savage
Special,21 savage
FaceTime,21 savage
Skrrt Skrrt,21 savage
Baby Girl,21 savage
​letter 2 my momma,21 savage
Dead People,21 savage
​gun smoke,21 savage
Thug Life,21 savage
Close My Eyes,21 savage
​pad lock,21 savage
Dirty K,21 savage
​​a lot (Video Version),21 savage
Bad Business,21 savage
Mind Yo Business,21 savage
Secret,21 savage
Money Convo,21 savage
​sneaky,21 savage
Air It Out,21 savage
3AM on Glenwood,21 savage
Lord Forgive Me,21 savage
​letter to my brudda,21 savage
Spiral,21 savage
Yea Yea,21 savage
Slaughter Ya Daughter,21 savage
Dat Side,prince
Napoleon,prince
No Dope on Sundays,prince
Bulletproof,prince
Elephant in the Room,prince
Amen (Intro),prince
Mandela,prince
Cold As Ice,prince
Movin’ Around,prince
Get Yo Money,prince
Basquiat,prince
Sideways (2K Remix),prince
I’m Fine,prince
Trick Me,prince
God Bless Your Heart,prince
Don’t Know Why,prince
Huey,prince
Nu Africa,prince
Cydel Young,prince
"Young, Rich, Fly, Famous",prince
Woopty Doo,prince
3:16,prince
Weak People,prince
Closer,prince
Barry White,prince
Free,prince
Favorite Things,prince
Coretta,prince
Murda,prince
Woah,prince
Looking for Love,prince
80's Baby,prince
So Emotional,prince
Father Stretch My Hands Pt. 1 (Demo),prince
Be Great,prince
100 Bottles,prince
A-Town (Remix),prince
CyHi Da Prynce Freestyle | LA Leakers Freestyle #144,prince
Honor Roll,prince
Drank & Smoke,prince
A-Town,prince
Guitar Melody,prince
CyHi The Prynce | Funk Flex | #Freestyle084,prince
Nu Africa (Album Version),prince
Forever,prince
New Girl,prince
Real Talk,prince
Entourage,prince
Far Removed,prince
Master P,prince
Work It,missy elliot
WTF (Where They From),missy elliot
Get Ur Freak On,missy elliot
Gossip Folks,missy elliot
Lose Control,missy elliot
The Rain (Supa Dupa Fly),missy elliot
I’m Better,missy elliot
One Minute Man (Video Remix),missy elliot
Hot Boyz (Remix),missy elliot
Bomb Intro / Pass That Dutch,missy elliot
Busa Rhyme,missy elliot
Sock It 2 Me,missy elliot
She’s a Bitch,missy elliot
One Minute Man (Remix),missy elliot
Work It (Remix),missy elliot
All N My Grill (Remix),missy elliot
Throw It Back,missy elliot
DripDemeanor,missy elliot
I’m Really Hot,missy elliot
All N My Grill,missy elliot
Pep Rally,missy elliot
Pussycat,missy elliot
One Minute Man,missy elliot
I’m Better (Remix),missy elliot
Beep Me 911,missy elliot
We Run This,missy elliot
Ching-A-Ling,missy elliot
Best Friends,missy elliot
Hit ‘Em wit’ da Hee,missy elliot
Take Away,missy elliot
Hot Boyz,missy elliot
Friendly Skies,missy elliot
On & On,missy elliot
Wake Up,missy elliot
4 My People,missy elliot
Lick Shots,missy elliot
Cool Off,missy elliot
Bad Man,missy elliot
Back in the Day,missy elliot
Slide,missy elliot
Get Ur Freak On (Nelly Furtado Remix),missy elliot
Pass That Dutch (Remix),missy elliot
Can You Hear Me,missy elliot
Izzy Izzy Ahh,missy elliot
Bring the Pain,missy elliot
Crazy Feelings,missy elliot
Funky Fresh Dressed,missy elliot
Mommy,missy elliot
They Don’t Wanna Fuck Wit Me,missy elliot
Nothing Out There for Me,missy elliot
Gin and Juice,snoop dogg
Drop It Like It’s Hot,snoop dogg
Ain’t No Fun (If the Homies Can’t Have None),snoop dogg
Who Am I (What’s My Name)?,snoop dogg
Murder Was The Case (DeathAfterVisualizingEternity),snoop dogg
Lodi Dodi,snoop dogg
Did Somebody Say,snoop dogg
Vato,snoop dogg
Riders On the Storm (Fredwreck Remix),snoop dogg
Tha Shiznit,snoop dogg
Beautiful,snoop dogg
Doggy Dogg World,snoop dogg
That’s That Shit,snoop dogg
Bitch Please,snoop dogg
Serial Killa,snoop dogg
Gz And Hustlas,snoop dogg
California Roll,snoop dogg
Peaches N Cream,snoop dogg
Lay Low,snoop dogg
Signs,snoop dogg
G Funk Intro,snoop dogg
Thug Life,snoop dogg
Imagine,snoop dogg
Pump Pump,snoop dogg
Step Yo Game Up,snoop dogg
"Gz Up, Hoes Down",snoop dogg
Pimp Slapp’d,snoop dogg
Boss’ Life,snoop dogg
For All My Niggaz & Bitches,snoop dogg
Let’s Get Blown,snoop dogg
Sensual Seduction,snoop dogg
W Balls,snoop dogg
Chronic Break,snoop dogg
P.I.M.P. Remix,snoop dogg
Gangbangin’ 101,snoop dogg
Sexual Eruption,snoop dogg
I’m Ya Dogg,snoop dogg
Bathtub,snoop dogg
That Tree,snoop dogg
Snoop D.O. Double G,snoop dogg
Gangsta Luv,snoop dogg
The One And Only,snoop dogg
Kush Ups,snoop dogg
Class Room Intro,snoop dogg
10 Lil’ Crips,snoop dogg
Domino Intro,snoop dogg
Stoner’s Anthem,snoop dogg
Candy (Drippin’ Like Water),snoop dogg
So Many Pros,snoop dogg
Countdown,snoop dogg
Forgot About Dre,dr dre
Still D.R.E.,dr dre
Nuthin’ but a “G” Thang,dr dre
The Next Episode,dr dre
What’s the Difference,dr dre
I Need a Doctor,dr dre
Fuck Wit Dre Day (And Everybody’s Celebratin’),dr dre
Medicine Man,dr dre
Bitches Ain’t Shit,dr dre
Deep Water,dr dre
Xxplosive,dr dre
The Watcher,dr dre
Let Me Ride,dr dre
Fuck You,dr dre
Deep Cover,dr dre
Darkside/Gone,dr dre
The Message,dr dre
Deeez Nuuuts,dr dre
Genocide,dr dre
Talk About It,dr dre
Keep Their Heads Ringin’,dr dre
Kush,dr dre
Talking to My Diary,dr dre
The Chronic (Intro),dr dre
Big Ego’s,dr dre
All in a Day’s Work,dr dre
Let’s Get High,dr dre
Lil’ Ghetto Boy,dr dre
Bitch Niggaz,dr dre
Smoke Weed Everyday (Hedegaard Remix),dr dre
It’s All on Me,dr dre
For the Love of Money,dr dre
Housewife,dr dre
Animals,dr dre
The Day the Niggaz Took Over,dr dre
Some L.A. Niggaz,dr dre
Bang Bang,dr dre
Stranded on Death Row,dr dre
Loose Cannons,dr dre
Issues,dr dre
Lyrical Gangbang,dr dre
Rat-Tat-Tat-Tat,dr dre
Intro (Compton),dr dre
Ackrite,dr dre
Satisfiction,dr dre
Ed-Ucation,dr dre
Murder Ink,dr dre
A Nigga Witta Gun,dr dre
Light Speed,dr dre
The $20 Sack Pyramid,dr dre
Me&My (To Bury Your Parents),andre 3000
"I swear, I Really Wanted To Make A “Rap” Album But This Is Literally The Way The Wind Blew Me This Time",andre 3000
Look Ma No Hands,andre 3000
The Slang Word P(*)ssy Rolls Off The Tongue With Far Better Ease Than The Proper Word Vagina . Do You Agree?,andre 3000
Pink & Blue,andre 3000
That Night In Hawaii When I Turned Into A Panther And Started Making These Low Register Purring Tones That I Couldn’t Control ... Sh¥t Was Wild,andre 3000
Chronomentrophobia (Movie Version),andre 3000
BuyPoloDisorder’s Daughter Wears A 3000® Button Down Embroidered,andre 3000
Outkast Reunion Tour Jumpsuit Slogans,andre 3000
Ninety Three ’Til Infinity And Beyoncé,andre 3000
"Gandhi, Dalai Lama, Your Lord & Savior J.C. / Bundy, Jeffrey Dahmer, And John Wayne Gacy",andre 3000
Dreams Once Buried Beneath The Dungeon Floor Slowly Sprout Into Undying Gardens,andre 3000
"Ants To You, Gods To Who ?",andre 3000
Hey Ya! - Single Version,andre 3000
Sleazy,andre 3000
Banana Zoo,andre 3000
Back to Black,andre 3000
We Want Your Soul,andre 3000
Class Of 3000 Theme,andre 3000
Throwdown,andre 3000
Crayon Song,andre 3000
A Richer Shade Of Blue,andre 3000
Luna Love,andre 3000
All Together Now,andre 3000
Cool Kitty,andre 3000
Life Without Music,andre 3000
Oh Peanut,andre 3000
“Hmmm!”,andre 3000
Kim Kam Jam,andre 3000
UFO Ninja,andre 3000
Fight The Blob,andre 3000
Puppies and Babies,andre 3000
Turn Your Lights Down Low (Remix),bob marley
Judge Not,bob marley
One Cup Of Coffee,bob marley
She Used To Call Me Dada,bob marley
Roots,bob marley
Acoustic Medley,bob marley
Lion Of Judah,bob marley
Burnin’ and Lootin’ (Remix),bob marley
Smile Jamaica,bob marley
Nice Time,bob marley
Place of Peace,bob marley
Who Colt the Game,bob marley
Wisdom,bob marley
Send Me That Love,bob marley
Sun is Shining,bob marley
You Can’t Blame the Youth,bob marley
Screwface,bob marley
Lion Of Judah (Conquering Lion),bob marley
“Stir It Up”,bob marley
And I Love Her,bob marley
Brand New Second Hand,bob marley
It’s Allright,bob marley
Jungle Fever,bob marley
This Train,bob marley
Dreamland,bob marley
Redder Than Red,bob marley
Maga Dog,bob marley
Treat Me Right,bob marley
Zig Zag,bob marley
Keep on Moving (dub version),bob marley
Rainbow Country (Red Gold and Green version),bob marley
THREE LITTLE BIRDS Lyrics,bob marley
White Christmas,bob marley
Sun Is Shining (Maori Mix),bob marley
What Am I Supposed To Do,bob marley
Steppin’ Razor,bob marley
Bass Is Heavy (Rehearsal),bob marley
What’s New Pussycat,bob marley
Reggae on Broadway,bob marley
Dreamland (feat. Bunny Wailer),bob marley
ONE LOVE,bob marley
Keep on Moving (Process club mix),bob marley
Why Should I,bob marley
Rainbow Country (ATB mix),bob marley
You are you,bob marley
Red,bob marley
Rap God,eminem
Lose Yourself,eminem
Without Me,eminem
The Real Slim Shady,eminem
Killshot,eminem
Mockingbird,eminem
Godzilla,eminem
Stan,eminem
Houdini,eminem
The Monster,eminem
Lucky You,eminem
The Ringer,eminem
Superman,eminem
’Till I Collapse,eminem
Venom,eminem
River,eminem
Love the Way You Lie,eminem
Not Alike,eminem
8 Mile: B-Rabbit vs Papa Doc,eminem
Berzerk,eminem
Fall,eminem
Cleanin’ Out My Closet,eminem
Kamikaze,eminem
Beautiful,eminem
Walk on Water,eminem
Bad Guy,eminem
When I’m Gone,eminem
The Way I Am,eminem
Not Afraid,eminem
My Name Is,eminem
No Love,eminem
Sing for the Moment,eminem
Like Toy Soldiers,eminem
Headlights,eminem
Survival,eminem
Greatest,eminem
Kim,eminem
Kill You,eminem
Love Game,eminem
Space Bound,eminem
Unaccommodating,eminem
Marshall Mathers,eminem
Legacy,eminem
Criminal,eminem
Gnat,eminem
Shake That,eminem
Guts Over Fear,eminem
White America,eminem
I’m Back,eminem
Darkness,eminem
God’s Plan,drake
In My Feelings,drake
Hotline Bling,drake
One Dance,drake
"Hold On, We’re Going Home",drake
Know Yourself,drake
Back To Back,drake
Family Matters,drake
All Me,drake
From Time,drake
Fake Love,drake
0 to 100 / The Catch Up,drake
The Motto,drake
Pound Cake / Paris Morton Music 2,drake
Started from the Bottom,drake
Marvins Room,drake
Push Ups,drake
Passionfruit,drake
HYFR (Hell Ya Fucking Right),drake
Nice For What,drake
Energy,drake
Child’s Play,drake
Too Good,drake
Jungle,drake
Furthest Thing,drake
Over My Dead Body,drake
Worst Behavior,drake
Summer Sixteen,drake
The Language,drake
Girls Love Beyoncé,drake
Nonstop,drake
How Bout Now,drake
Too Much,drake
Shot for Me,drake
Headlines,drake
Take Care,drake
Portland,drake
Legend,drake
Controlla,drake
I’m Upset,drake
Gyalchester,drake
U With Me?,drake
Look What You’ve Done,drake
Do Not Disturb,drake
Teenage Fever,drake
THE HEART PART 6,drake
Crew Love,drake
Fire & Desire,drake
Doing It Wrong,drake
Own It,drake
